Ticker,Relação P/L,Rendimento de Dividendos,Capitalização de Mercado,Alta de 52 Semanas,Baixa de 52 Semanas,Beta,Lucro por Ação (EPS),Retorno sobre o Patrimônio (ROE)
MMM,13.409732,0.026700001,57953501184,106.04,71.36288,1.001,-12.73,-0.69286
AOS,18.541473,0.014400001,11802534912,92.45,64.14,1.141,3.85,0.31443
ABT,20.2179,0.0212,180782333952,121.64,89.67,0.718,3.17,
ABBV,14.2981,0.0357,305760370688,182.89,135.85,0.623,3.37,0.56244
ACN,25.827208,0.0156,206913421312,387.51,278.69,1.227,10.91,0.26
ADBE,26.5311,,242100830208,638.25,433.97,1.297,11.1,0.34223998
AMD,27.797834,,248911740928,227.3,93.12,1.681,0.69,0.020130001
AES,8.401914,0.039,12479311872,22.21,11.43,1.079,0.73,-0.014780001
AFL,13.809664,0.0212,53594701824,95.49,71.97,0.947,9.09,0.24699
A,22.880909,0.0070999996,38118572032,155.35,96.8,1.049,4.22,0.20708999
APD,19.17603,0.028499998,56910336000,307.71,212.24,0.822,11.06,0.16115999
ABNB,28.771759,,94433050624,170.1,113.235,1.19,7.46,0.74907
AKAM,14.231111,,14631569408,129.17,87.59,0.671,4.01,0.14218001
ALB,13.987768,0.0173,10751370240,217.77,90.02,1.575,2.76,0.03862
ARE,34.29661,0.041300002,21237766144,135.45,90.73,,1.07,0.01491
ALGN,23.058878,,18869356544,413.2,176.34,1.659,6.06,0.1277
ALLE,16.668413,0.0152,11120708608,136.91,95.94,1.134,6.13,0.45151
LNT,16.815386,0.0349,14011113472,56.3,45.15,0.555,2.75,0.1062
ALL,9.937036,0.021,45815648256,179.93,104.29,0.481,4.56,0.07285
GOOGL,21.016186,0.0044,2255995535360,191.75,120.21,1.046,6.52,0.29764
GOOG,21.225435,0.0044,2257582555136,193.31,121.46,1.046,6.53,0.29764
MO,9.30303,0.0794,84369981440,49.92,39.07,0.69,4.78,
AMZN,32.250866,,1939894304768,201.2,118.35,1.155,3.58,0.20305
AMCR,13.608108,0.0493,14554573824,10.51,8.45,0.865,0.45,0.15945
AEE,15.322449,0.0354,20021583872,88.72,67.03,0.451,4.36,0.10346
AAL,4.09375,,6875822592,16.9,10.34,1.45,0.71,
AEP,15.685093,0.0373,49359704064,94.72,69.38,0.524,5.37,0.11314
AXP,16.570469,0.0114,175524167680,253.73,140.91,1.213,13.39,0.34977
AIG,10.488403,0.021,51022790656,80.83,57.02,1.089,6.69,0.11665
AMT,31.271643,0.0309,97840603136,219.1,154.58,0.808,4.42,0.17229
AWK,24.821556,0.0216,27370686464,151.22,113.34,0.667,4.93,0.09809
AMP,10.982279,0.014099999,41854521344,449.94,306.63,1.367,29.4,0.69356
AME,23.038874,0.0064999997,39782748160,186.33,136.89,1.181,5.69,0.15766
AMGN,16.247683,0.026800001,178761596928,338.98,228.21,0.58,6.99,0.72574997
APH,33.634518,0.013300001,79592177664,70.84,39.34,1.256,1.64,0.25445
ADI,28.611181,0.0153,114288697344,244.14,154.99,1.082,4.27,0.06007
ANSS,30.688396,,27942983680,364.31,258.01,1.108,4.97,0.08528
AON,17.280254,0.009,64887934976,344.68,268.06,0.907,12.8,176.13332
APA,6.4070983,0.032,11391882240,46.15,27.17,3.27,8.91,1.21628
AAPL,30.739069,0.0045,3450325696512,237.23,164.08,1.244,6.43,1.4725
AMAT,22.64433,0.0072000003,181864693760,255.89,129.21,1.55,8.69,0.45193002
APTV,8.977748,,18660732928,113.14,65.13,1.794,10.64,0.29249
ACGL,10.763983,,36133789696,103.79,72.85,0.583,12.67,0.2905
ADM,11.565056,0.0312,30763933696,87.3,50.72,0.73,5.73,0.12365
ANET,38.219406,,108627288064,376.5,149.1,1.108,7.19,0.34697
AJG,24.072247,0.0088,59702943744,276.145,214.14,0.727,4.92,0.10302
AIZ,10.096604,0.017,8964951040,189.48,129.54,0.538,14.3,0.16429001
T,7.9868417,0.0598,130568790016,19.33,13.89,0.72,1.86,0.13035
ATO,17.640226,0.026099999,18790219776,125.38,101.0,0.665,6.63,0.09161
ADSK,27.267996,,53064777728,279.53,192.01,1.485,4.61,0.65206003
ADP,24.884771,0.0226,101647425536,256.84,205.53,0.791,8.95,0.88922995
AZO,17.852308,,49907912704,3256.37,2375.35,0.712,144.34,
AVB,37.579422,0.0325,29601703936,211.2,160.45,0.971,6.74,0.08347
AVY,20.886362,0.015700001,17766856704,233.475,165.21,0.89,6.84,0.26099002
AXON,56.0614,,24115542016,329.87,175.37,0.952,3.42,0.16287
BKR,14.146826,0.023599999,35810783232,37.58,28.32,1.399,1.79,0.12185001
BALL,18.124277,0.012999999,19463802880,71.32,42.81,0.848,2.08,0.119440004
BAC,11.524456,0.0227,329727148032,44.44,24.96,1.356,2.85,0.08495
BK,10.132166,0.0297,46956204032,65.91,39.66,1.082,4.22,0.08343001
BBWI,9.90107,0.021300001,8266244096,52.99,27.3,1.834,3.87,
BAX,10.987539,0.0328,17972887552,49.29,31.01,0.574,-0.08,-0.00423
BDX,16.432678,0.0164,67722780672,286.46,218.75,0.444,4.67,0.05372
BRK.B,,,,,,,,
BBY,13.177777,0.0423,19187759104,93.72,62.3,1.498,5.7,0.42314997
BIO,25.93203,,8666844160,431.79,261.59,0.93,-10.69,-0.03427
TECH,37.87624,0.0041,12056827904,89.15,51.79,1.289,1.25,0.10399
BIIB,13.009861,,32655947776,280.42,189.44,-0.038,8.0,0.0805
BLK,18.083708,0.0242,125183057920,851.88,596.18,1.331,40.31,
BX,24.097315,0.024,175772188672,145.14,88.59,1.49,2.63,0.18929
BA,38.37037,,114477088768,267.54,159.7,1.562,-3.54,
BKNG,19.105001,0.009,132968652800,4144.32,2733.04,1.385,132.92,
BWA,7.0454545,0.0135,7416126976,46.77,29.51,1.209,2.91,0.10918
BSX,29.6566,,115541434368,79.43,48.35,0.786,1.19,0.092480004
BMY,6.2744527,0.056199998,87124754432,64.65,39.35,0.439,-3.1,-0.25333
AVGO,27.024754,0.012999999,762329694208,185.162,79.509,1.188,2.32,0.22229
BR,24.268003,0.0156,24291899392,211.68,164.99,1.052,5.86,0.32770002
BRO,24.94911,0.0056,27969841152,99.0799,66.73,,3.24,0.17950001
BF.B,,,,,,,,
BLDR,12.067747,,20002701312,214.7,105.24,2.039,11.63,0.30488002
BG,11.276704,0.0241,15695806464,116.59,86.1,0.657,12.4,0.17347
BXP,36.03125,0.057800002,12190691328,73.97,50.64,1.195,1.22,0.03526
CDNS,40.65948,,77092986880,328.99,217.77,,3.85,0.29442
CZR,21.260115,,7946428928,60.27,31.74,2.985,3.54,0.19993
CPT,68.07229,0.0363,12038455296,115.66,82.81,0.896,4.08,0.09056
CPB,14.111456,0.032,13608091648,48.63,37.94,0.155,2.47,0.19699
COF,9.09375,0.0165,55569649664,153.35,88.23,1.458,12.77,0.092609994
CAH,12.727755,0.0212,23343460352,116.04,85.12,0.622,2.26,
KMX,21.541553,,12540948480,88.22,59.66,1.693,2.55,0.06728
CCL,12.383117,,24984178688,19.74,10.84,2.693,0.71,0.14244
CARR,22.237785,0.0112,61512085504,70.09,45.68,1.19,1.43,0.13174
CTLT,50.8,,10572851200,60.2,31.8,1.161,-6.48,-0.2829
CAT,15.215296,0.0162,168317370368,382.01,223.76,1.106,22.12,0.62789
CBOE,20.290144,0.0117999995,19266316288,199.0,137.0,0.645,7.46,0.21090001
CBRE,17.77061,0.0172,30424668160,100.27,64.63,1.399,3.19,0.11837
CDW,20.641256,0.0107,30931699712,263.37,184.99,1.034,8.0,0.58814
CE,10.224595,0.02,15165197312,172.16,110.76,1.295,18.23,0.29295
COR,15.204067,0.0091,44163293184,246.75,171.65,0.453,9.15,2.13146
CNC,8.560686,,34628935680,81.42,60.83,0.5,5.07,0.10438
CNP,16.494253,0.0276,18360080384,31.57,25.42,0.922,1.42,0.09255999
CF,13.011069,0.027999999,12889786368,87.9,69.13,0.944,6.05,0.17729999
CHRW,21.274647,0.0271,10612319232,100.88,65.0,0.809,2.54,0.21565
CRL,17.850891,,11346997248,275.0,161.65,1.379,8.51,0.13144
SCHW,16.08395,0.0154,119086989312,79.49,48.66,0.986,2.4,
CHTR,9.651387,,46095364096,458.3,236.08,1.041,30.89,0.37589002
CVX,10.967259,0.041500002,281799786496,171.7,139.62,1.091,10.86,0.12641
CMG,39.216415,,72169545728,69.2614,35.3728,1.243,0.94,0.44374
CB,11.178345,0.0139,106895556608,275.41,195.36,0.668,22.51,0.1604
CHD,26.651596,0.0113,24503650304,110.31,82.25,0.523,3.16,0.20084
CI,10.502031,0.0167,95497158656,365.71,253.95,0.525,12.19,0.08968
CINF,17.191488,0.0269,18990704640,128.23,96.86,0.658,15.02,0.20286
CTAS,41.178646,0.0069999998,76550561792,773.78,474.74,1.305,15.13,0.38424
CSCO,13.022472,0.0342,186775633920,58.19,44.95,0.844,2.96,0.27517
C,9.119887,0.033299997,124515770368,67.81,38.17,1.451,3.62,0.040370002
CFG,10.5223875,0.040599998,19160291328,42.62,22.77,1.342,2.65,0.05669
CLX,20.647974,0.0361,16462360576,169.14,114.69,0.381,1.94,1.1803299
CME,19.744,0.0433,71091232768,223.8,189.86,0.527,8.77,0.11726
CMS,17.150839,0.0335,18336190464,63.76,49.87,0.384,3.28,0.108430006
KO,21.581394,0.03,279845076992,66.04,51.55,0.592,2.49,0.39314997
CTSH,14.927273,0.016,36738035712,80.09,62.14,1.054,4.17,0.15999
CL,25.077923,0.020399999,79213584384,99.63,67.62,0.387,3.15,5.3167
CMCSA,8.673423,0.031400003,151098982400,47.46,36.43,1.003,3.77,0.18132
CAG,10.840741,0.047199998,13997177856,33.55,25.16,0.312,0.72,0.040149998
COP,11.161128,0.028900001,129040482304,135.18,105.77,1.249,8.83,0.21806999
ED,16.651787,0.035099998,32249114624,98.85,80.46,0.338,5.24,0.08507
STZ,16.193548,0.0166,44828377088,274.87,227.5,0.865,13.43,0.2586
CEG,21.849253,0.0074,59853668352,236.3,94.43,0.741,7.5,0.20825
COO,22.83879,0.0002,18054209536,104.07,75.935,0.982,1.7,0.04478
CPRT,32.09816,,50347429888,58.58,42.41,1.275,1.43,0.21706
GLW,19.324562,0.0253,37742632960,46.39,25.26,1.048,0.72,0.057389997
CPAY,13.058664,,20334297088,319.94,220.39,1.204,13.44,0.32344002
CTVA,15.811046,0.0117,37908525056,58.76,43.22,0.771,0.99,0.027929999
CSGP,58.92913,,30572511232,100.38,67.35,0.813,0.72,0.041139998
COST,47.952164,0.0055,377770180608,896.67,530.56,0.769,16.1,0.31638
CTRA,8.887754,0.031400003,19446808576,29.89,23.73,0.226,1.72,0.10098
CRWD,54.761715,,65434906624,398.327,140.52,1.095,0.53,0.06488
CCI,38.201466,0.0602,45316403200,119.5,84.72,0.838,2.73,0.18743
CSX,15.574073,0.0139,65763844096,40.12,29.03,1.197,1.83,0.29042
CMI,13.17464,0.0249,38797647872,304.25,212.8,0.988,13.62,0.19655001
CVS,7.432051,0.0456,72773795840,83.25,52.77,0.513,5.7,0.10087
DHR,30.470587,0.0043,195674685440,272.975,182.09,0.861,5.44,0.07755
DRI,13.403441,0.039,16664592384,176.84,133.36,1.293,8.53,0.46377
DVA,13.82651,,12441490432,147.93,71.51,0.868,8.82,0.43219003
DAY,26.42786,,8387648000,75.53,47.08,1.268,0.33,0.02248
DECK,24.724854,,22451224576,1106.89,484.02,1.064,29.17,0.39221
DE,15.127036,0.0155,102379757568,450.0,345.94,0.94,33.18,0.41759998
DAL,5.9333334,0.0137,28146722816,53.86,30.6,1.353,6.97,0.43806
DVN,7.5841584,0.0438,28843206656,55.09,40.47,2.106,5.25,0.28903
DXCM,49.835556,,44592304128,142.0,74.75,1.158,1.54,0.28541002
FANG,9.657253,0.0452,35376316416,214.5,142.71,1.889,17.75,0.19910999
DLR,118.38931,0.031400003,51348746240,162.58,113.94,0.602,3.62,0.05847
DFS,10.7716055,0.02,34983624704,147.61,79.04,1.43,11.33,0.19443001
DG,14.736842,0.0191,26475360256,173.47,101.09,0.431,6.85,0.2335
DLTR,13.649235,,23001157632,154.96,101.83,0.886,-4.52,-0.12303001
D,14.961652,0.0515,42514063360,54.74,39.18,0.588,2.31,0.07232
DPZ,23.747334,0.0145000005,14791565312,542.75,330.05,0.875,16.25,
DOV,18.127638,0.0113,24788248576,192.31,127.25,1.222,10.42,0.30384
DOW,13.252451,0.0515,38022348800,60.69,47.26,1.236,1.68,0.06414
DHI,11.118387,0.0068,57800974336,178.71,100.08,1.711,14.86,0.21305999
DTE,16.142061,0.0348,23983996928,118.58,90.14,0.668,6.11,0.115930006
DUK,16.922592,0.038900003,82671902720,108.59,83.06,0.44,5.59,0.08798
DD,18.865883,0.0189,33523578880,82.63,61.14,1.332,0.92,0.01731
EMN,10.899329,0.033299997,11458846720,105.98,68.89,1.474,7.76,0.17056
ETN,27.399149,0.0117,128741228544,345.19,191.82,1.011,8.46,0.18505
EBAY,10.584493,0.02,26726479872,55.69,37.17,1.307,5.01,0.45369
ECL,33.20592,0.0093,70455828480,247.37,156.72,1.119,5.4,0.2016
EIX,13.317376,0.041500002,28898797568,77.04,58.82,0.919,2.27,0.04982
EW,28.080647,,52456333312,96.12,60.57,1.11,2.32,0.21284
EA,17.148552,0.0053,37731717120,148.22,117.47,0.788,4.68,0.17196
ELV,12.0571165,0.0128999995,116504166400,555.36,431.38,0.847,28.57,0.16576
EMR,19.538206,0.0178,67290398720,119.53,83.1,1.316,3.36,0.08761
ENPH,21.636744,,14101570560,182.26,73.49,1.705,1.94,0.29159
ETR,14.294042,0.040700004,23563806720,114.28,87.1,0.706,9.98,0.15052
EOG,10.129765,0.0287,71781400576,139.67,108.94,1.31,12.65,0.27216998
EPAM,18.951555,,12019832832,317.5,169.43,1.452,7.3,0.1305
EQT,9.817927,0.0177,15477833728,45.23,32.07,1.128,1.35,0.04526
EFX,27.805876,0.0058,32788801536,276.69,159.95,1.561,4.69,0.13053
EQIX,66.91416,0.021300001,76206424064,914.93,677.8,0.676,9.99,0.07728
EQR,42.945454,0.038,26853955584,71.4,52.57,0.887,2.34,0.082049996
ESS,50.18276,0.033800002,19346147328,292.03,203.85,0.874,8.18,0.095699996
EL,24.742575,0.026099999,35842056192,183.2,95.87,0.982,1.78,0.09985
ETSY,21.945848,,7108357120,102.81,55.08,2.02,2.19,
EG,5.602853,0.020599999,16725321728,417.92,343.36,0.627,67.75,0.25484
EVRG,13.534314,0.0463,12696679424,61.74,46.92,0.584,3.08,0.07552
ES,12.670833,0.0463,21424148480,74.75,52.03,0.604,-1.19,-0.026400002
EXC,13.69084,0.0419,35871076352,43.53,33.35,0.588,2.33,0.09064
EXPE,8.898055,,17574926336,160.05,92.48,1.785,5.27,0.25507
EXPD,23.594286,0.0119,17496885248,131.17,107.03,0.971,4.73,0.26035
EXR,35.34607,0.039100002,36701679616,171.46,101.19,0.844,4.29,0.0896
XOM,11.963081,0.033,508749348864,123.75,95.77,0.893,8.16,0.16248
FFIV,12.6491995,,10186661888,199.49,145.45,1.081,8.33,0.17618999
FDS,23.806637,0.0097,15829965824,488.64,391.84,0.745,13.26,0.28812
FICO,56.122715,,40232308736,1658.03,810.26,1.336,19.1,
FAST,30.723982,0.0228,38882664448,79.04,53.83,1.0,2.01,0.33515
FRT,34.822224,0.0394,9168318464,111.02,85.59,1.254,2.81,0.077810004
FDX,12.543786,0.018,73486041088,313.84,224.69,1.194,17.22,0.16139
FIS,13.580469,0.0234,41774448640,78.73,46.91,1.069,0.72,0.01897
FITB,11.493036,0.0343,28089352192,41.59,22.49,1.256,3.14,0.12485
FSLR,10.430777,,23871213568,306.77,129.22,1.441,9.54,0.16048999
FE,13.9440565,0.0427,22951579648,40.65,32.18,0.476,1.89,0.09481
FI,15.535573,,91989737472,159.99,109.12,0.923,5.33,0.109189995
FMC,11.851546,0.0401,7174538752,96.81,49.49,0.843,9.75,0.31211
F,7.0923076,0.0425,54955302912,14.85,9.63,1.634,0.97,0.09401
FTNT,29.411167,,44262563840,78.75,44.12,0.979,1.54,
FTV,18.432693,0.0042,26993584128,87.1,63.05,1.165,2.52,0.088369995
FOXA,9.781003,0.0139999995,16686356480,37.95,28.285,0.781,3.17,0.14995
FOX,14.702127,0.0150999995,16730976256,35.36,25.815,0.781,3.17,0.14995
BEN,8.40942,0.052699998,12210572288,30.32,21.57,1.448,1.73,0.0775
FCX,19.346155,0.012999999,65029902336,55.24,32.83,1.924,1.14,0.14377
GRMN,27.847898,0.0174,33056624640,175.01,99.61,0.996,7.08,0.19973
IT,36.072533,,36292255744,486.54,323.61,1.334,10.05,1.33872
GE,33.92505,0.0069,188272934912,177.16,84.22187,1.218,3.79,0.13635
GEHC,17.014736,0.0015,36891500544,94.5,62.35,,3.44,0.22392
GEV,31.397793,,46728925184,185.5,119.0,,-1.3,
GEN,10.238867,0.0196,15835232256,25.92,16.38,1.041,0.96,0.28019
GNRC,20.258974,,9578288128,161.8,79.86,1.368,3.61,0.09712
GD,18.031843,0.0195,80789217280,302.75,213.47,0.599,12.26,0.16712
GIS,13.47158,0.0372,35715764224,77.4,60.33,0.085,4.31,0.24755
GM,4.684849,0.0097,52891291648,50.5,26.3,1.441,8.19,0.14425999
GPC,12.847379,0.028900001,19113218048,164.45,126.35,0.929,8.97,0.3019
GILD,9.926081,0.0425,88667144192,87.87,62.07,0.2,0.36,0.02391
GPN,7.615092,0.01,25502027776,141.78,91.6,0.98,5.03,0.05914
GL,6.958819,0.0108,8263673856,132.0,38.95,0.803,10.46,0.22539
GDDY,23.703049,,20812756992,148.71,69.18,1.14,11.54,58.33727
GS,12.021251,0.024600001,158700175360,509.48,289.36,1.364,31.17,0.095249996
HAL,9.225896,0.020399999,29648732160,43.85,32.6,1.942,3.01,0.28903
HIG,8.916885,0.0184,30143350784,106.93,68.82,0.919,8.78,0.18264
HAS,13.745283,0.0468,8113508352,73.58,42.66,0.607,-10.15,-0.74275
HCA,14.58705,0.0081,89095290880,348.0,215.96,1.688,20.04,8.45539
DOC,41.215687,0.0571,14793498624,22.38,15.24,1.097,0.35,0.025139999
HSIC,12.543011,,8962289664,82.63,60.01,0.874,2.97,0.08344
HSY,19.826723,0.0286,38411374592,245.81,178.82,0.353,10.1,0.54768
HES,13.012411,0.0116,45224677376,167.75,131.61,1.174,6.52,0.24694
HPE,9.780953,0.0253,26695223296,22.82,14.465,1.211,1.37,0.08573
HLT,26.746668,0.0027,55175151616,229.03,146.0,1.314,4.6,
HOLX,17.59009,,18226743296,82.31,64.02,0.989,1.94,0.09196
HD,21.94143,0.0248,356604215296,396.87,274.26,0.989,14.93,13.6297
HON,19.254208,0.0199,141554810880,220.79,174.88,1.032,8.64,0.33198002
HRL,18.341177,0.0361,17096151040,41.73,28.51,0.238,1.4,0.09828
HST,15.72807,0.0446,12815432704,21.31,14.92,1.351,1.02,0.104940005
HWM,28.515572,0.0023999999,33638363136,85.52,42.94,1.286,2.07,0.21919
HPQ,10.137096,0.029000001,36901494784,39.52,25.22,1.106,2.96,
HUBB,21.580444,0.0128999995,20379205632,429.61,248.37,0.896,13.43,0.26969
HUM,18.980324,0.0092,46497718272,530.54,298.61,0.515,16.25,0.12096
HBAN,10.92029,0.041300002,21888118784,15.2099,9.25,1.08,1.06,0.08875
HII,14.080781,0.0195,10516466688,299.5,199.11,0.529,17.7,0.18338
IBM,17.583572,0.0363,169114812416,199.18,135.87,0.706,8.82,0.36240003
IEX,22.505518,0.0134000005,15434291200,246.36,183.77,0.95,7.61,0.16855
IDXX,37.51276,,38849888256,583.39,372.5,1.321,10.31,0.71914
ITW,22.381216,0.0228,72529100800,271.15,217.5,1.114,10.13,1.00033
INCY,12.185185,,12963324928,67.36,50.27,0.735,3.3,0.15125
IR,27.617079,0.0008,40465412096,101.3,59.2,1.451,2.01,0.08563
PODD,52.89247,,13780972544,283.4,125.82,1.154,3.32,0.36181
INTC,17.161459,0.015,140263866368,51.28,29.73,1.047,0.97,0.03794
ICE,22.274364,0.0121,85217533952,150.0,104.49,1.071,4.34,0.102910005
IFF,22.107143,0.0163,25289963520,99.91,62.11,1.273,-9.78,-0.15503
IP,15.006536,0.0398,15949485056,47.4,31.77,1.026,0.53,0.022349998
IPG,9.976666,0.044499997,11296300032,35.24,27.2,1.107,2.81,0.29023
INTU,33.26893,0.0056,178099388416,676.62,473.56,1.232,10.83,0.16903
ISRG,59.955204,,161707376640,468.78,254.85,1.39,5.81,0.15767999
IVZ,9.230768,0.0497,7557160448,18.28,12.48,1.455,-0.74,-0.0073400005
INVH,46.782055,0.0309,22351439872,36.91,28.49,0.99,0.88,0.053200003
IQV,19.133814,,43531415552,261.73,167.42,1.495,7.7,0.22837
IRM,48.52885,0.025999999,29588844544,101.38,56.51,1.004,0.66,0.47373
JBHT,22.13539,0.0104,16841113600,219.51,153.12,1.141,5.81,0.15131
JBL,12.326373,0.0028,12725125120,156.94,100.18,1.267,11.02,0.56054
JKHY,29.106274,0.012999999,12179403776,178.37,136.57,0.629,5.19,0.22814
J,16.80889,0.0078,18942222336,154.5,120.71,0.704,5.2,0.09604
JNJ,14.211754,0.0322,366657732608,175.97,143.13,0.517,6.54,
JCI,16.941177,0.0211,46564487168,74.23,47.9,1.295,2.47,0.11043999
JPM,12.445562,0.0219,598409871360,217.56,135.19,1.112,17.94,0.16545
JNPR,16.747747,0.023599999,12083053568,38.04,24.87,0.946,0.69,0.050240003
K,14.742188,0.038900003,19354052608,64.06573,47.63,0.353,2.36,0.21271
KVUE,14.577236,0.043899998,34332542976,25.23,17.67,,0.78,0.096499994
KDP,15.839807,0.026199998,44232253440,35.0,27.66,0.618,1.55,0.08715
KEY,9.974842,0.051999997,14959152128,16.47,9.5,1.25,0.76,0.06
KEYS,19.909872,,24290592768,170.6,118.57,0.949,4.59,0.16903
KMB,17.973545,0.0339,45752020992,145.62,116.32,0.388,5.45,1.80636
KIM,32.348484,0.044699997,14392376320,22.84,16.34,1.495,0.53,0.03506
KMI,17.158731,0.052600004,47984730112,21.86,15.89,0.919,1.09,0.08012
KKR,19.369457,0.0058999998,108755574784,119.83,53.72,1.622,4.47,0.10858
KLAC,28.378777,0.0072000003,108743335936,896.32,440.15,1.264,19.1,0.90352
KHC,10.347003,0.048800003,39829041152,38.96,30.68,0.517,2.29,0.056799997
KR,11.832967,0.0233,38861225984,58.34,42.1,0.444,2.93,0.18572001
LHX,16.91473,0.0195,45526994944,242.86,160.25,0.722,6.17,0.06161
LH,12.991844,0.0134000005,17456361472,234.09,191.97,1.033,4.67,0.04366
LRCX,26.40864,0.0082,125470834688,1130.0,574.42,1.491,27.26,0.43945998
LW,12.804561,0.018099999,11352020992,117.382,76.61,0.732,7.51,0.88524
LVS,13.989796,0.019299999,30643783680,60.47,40.51,1.125,2.07,0.47594002
LDOS,16.571123,0.0099,20949747712,155.45,89.22,0.683,2.34,0.07451
LEN,10.723602,0.0116,47013625856,177.79,102.9,1.595,14.66,0.15964
LLY,45.366215,0.006,790816686080,966.1,446.56,0.409,6.75,0.50747
LIN,26.241056,0.0125,215077142528,477.71,361.02,0.944,12.89,0.15825
LYV,39.34156,,22125950976,107.24,76.48,1.343,1.09,0.58682996
LKQ,10.412844,0.026600001,12111630336,57.73,39.72,1.29,3.1,0.13981
LMT,17.928827,0.026500002,119275945984,501.7,393.77,0.455,27.34,0.83162004
L,27.01724,0.0032,17347160064,81.11,60.98,0.836,6.73,0.10064
LOW,17.691908,0.0191,135797383168,262.49,181.85,1.067,12.49,
LULU,17.864761,,35171811328,516.39,279.16,1.256,12.45,0.41942
LYB,9.864477,0.055,31285764096,107.02,88.46,1.098,6.48,0.16319999
MTB,10.68715,0.031600002,28791126016,175.0,108.53,0.764,13.48,0.086969994
MRO,8.592592,0.0156,15577537536,30.06,21.81,2.194,2.42,0.12729
MPC,11.109078,0.0199,57771548672,221.11,127.14,1.394,20.12,0.29637
MKTX,27.935606,0.013300001,8384689152,297.97,192.42,1.026,6.81,0.21070999
MAR,22.415356,0.0104,69209071616,260.57,180.75,1.601,9.67,
MMC,23.008402,0.0149,107714232320,221.71,184.02,0.932,8.06,0.31645
MLM,23.682732,0.0052,34831028224,626.67,389.9,0.912,34.01,0.26302
MAS,15.802659,0.0159,15696789504,78.94,47.66,1.244,4.08,52.32432
MA,26.577616,0.0058999998,410629537792,490.0,359.77,1.09,12.59,1.86315
MTCH,14.194214,,9125695488,49.24,27.655,1.49,2.28,
MKC,24.084692,0.0229,19838251008,90.45,59.13,0.746,2.74,0.14345999
MCD,19.231644,0.0257,183089266688,302.39,243.53,0.709,11.76,
MCK,16.297718,0.0043,75976916992,612.17,395.3,0.45,22.39,
MDT,13.6426115,0.0353,101812232192,91.0,68.84,0.831,2.76,0.072569996
MRK,12.327056,0.024500001,315030896640,134.63,99.14,0.389,0.9,0.05311
META,21.164574,0.0041,1239576870912,542.81,274.38,1.212,17.4,0.33361
MET,7.767562,0.029000001,53469339648,76.9,57.91,1.047,2.89,0.078150004
MTD,30.570272,,29080236032,1535.86,928.5,1.167,35.69,
MGM,13.724137,,13732910080,51.35,34.12,2.248,2.62,0.24426001
MCHP,21.564905,0.0194,48129863680,100.57,68.75,1.538,3.48,0.28955
MU,11.913451,0.004,126684962816,157.54,61.75,1.179,-1.41,-0.03434
MSFT,33.44737,0.0068,3306263150592,468.35,309.45,0.894,11.56,0.38487998
MAA,34.380386,0.0405,17239308288,155.38,115.56,0.846,4.77,0.0912
MRNA,-22.537174,,46467850240,170.47,62.55,1.662,-15.59,-0.37677
MHK,11.599637,,8178308608,136.4,76.02,1.384,-6.52,-0.05264
MOH,10.78166,,16807692288,423.92,282.96,0.579,18.42,0.27528998
TAP,9.118965,0.0335,11220084736,70.9,49.19,0.822,5.01,0.0832
MDLZ,18.035519,0.0255,88543174656,77.2,60.75,0.537,3.14,0.15126
MPWR,50.471672,0.0058,44830359552,891.67,392.1,1.115,8.4,0.21086
MNST,24.905941,,49577136128,61.23,47.13,0.757,1.58,0.20979999
MCO,36.09345,0.0075,82519179264,458.24,298.86,1.28,9.14,0.49580002
MS,13.389392,0.0361,167566508032,109.11,69.42,1.368,6.08,
MOS,11.069498,0.0286,9214337024,42.81,26.54,1.416,2.36,0.06661
MSI,28.044554,0.0099,66139385856,399.6196,269.65,0.95,8.08,3.5547101
MSCI,32.832836,0.0126,43257204736,617.39,439.95,1.097,14.62,
NDAQ,20.563519,0.0152,36396527616,64.25,46.88,0.949,1.87,0.11637
NTAP,17.45946,0.015700001,26589618176,135.01,70.82,1.257,4.63,0.85553
NFLX,28.154184,,275850100736,697.49,344.73,1.266,15.99,0.31570998
NEM,10.122581,0.0211,54278299648,48.97,29.42,0.488,-3.27,-0.109799996
NWSA,33.45238,0.0072000003,16159412224,28.62,19.09,1.344,0.37,0.02806
NWS,,0.0069999998,16180492288,29.37,19.36,1.344,0.37,0.02806
NEE,19.542006,0.028299998,148152156160,80.47,47.15,0.538,3.66,0.11452
NKE,20.445683,0.0198,110787026944,123.39,71.24,1.009,3.73,0.40093
NI,16.608696,0.0344,13700200448,31.13,22.86,0.5,1.54,0.0828
NDSN,22.976053,0.0113,13737066496,279.38,208.91,0.909,8.4,0.18295
NSC,16.47906,0.023699999,50667991040,263.66,183.09,1.319,6.2,0.111940004
NTRS,12.124825,0.0344,17431605248,92.46,62.44,1.11,7.29,0.12776
NOC,16.089487,0.0188,65522319360,496.89,414.56,0.321,14.37,0.14701
NCLH,10.983784,,8718112768,22.23,12.71,2.697,0.81,2.6117802
NRG,13.185886,0.0212,15971346432,87.58,35.98,1.064,7.01,0.5156
NUE,13.329208,0.013200001,38733553664,203.0,140.07,,13.88,0.17629999
NVDA,32.778072,0.00029999999,3015505608704,140.76,39.23,1.68,1.7,1.15658
NVR,16.775421,,26938130432,8687.055,5210.49,1.168,479.58,0.40087003
NXPI,16.538462,0.0143,67065909248,296.08,167.21,1.501,10.81,0.32682
ORLY,22.593367,,61780500480,1169.11,860.1,0.924,39.43,
OXY,12.90812,0.014400001,53561741312,71.19,55.12,1.636,3.46,0.13518
ODFL,28.13498,0.0053,42120695808,227.8,165.49,1.003,5.68,0.30603
OMC,10.754079,0.0305,18052532224,98.06,72.2,0.969,7.23,0.35424
ON,15.418066,,31574726656,111.35,59.34,1.69,4.9,0.29804
OKE,14.730974,0.0469,48576937984,86.2,60.58,1.619,4.23,0.19077998
ORCL,19.904034,0.0114,394391126016,146.59,99.26,1.014,3.71,1.9392301
OTIS,23.093895,0.015700001,39777296384,100.84,73.32,0.929,3.46,
PCAR,11.212471,0.011,50894479360,125.5,80.94,0.916,9.63,0.32921
PKG,18.576109,0.025799999,17314850816,194.42,143.82,0.784,8.01,0.18540001
PANW,54.210014,,108654329856,380.84,201.17,1.145,6.91,0.85877997
PARA,8.761193,0.0173,8287946752,17.5,9.54,1.798,-1.13,-0.02901
PH,20.951765,0.0117999995,70910926848,570.15,362.49,1.437,21.26,0.25886
PAYX,23.341509,0.0319,44551311360,129.7,106.27,0.992,4.67,0.46348998
PAYC,18.755102,0.0094,9612556288,374.04,139.5,1.16,8.19,0.33808997
PYPL,12.731343,,62459641856,76.54,50.25,1.425,3.97,0.21395001
PNR,18.433405,0.0115,14475719680,87.74,57.18,1.205,3.77,0.20464
PEP,18.981735,0.0323,228397219840,192.38,155.83,0.526,6.89,0.51261
PFE,10.688406,0.056799997,167164411904,37.72,25.2,0.634,-0.05,-0.00262
PCG,12.27027,0.0022,47486582784,18.95,14.71,1.088,1.12,0.097040005
PM,15.764029,0.048499998,170317594624,111.325,87.23,0.6,5.13,
PSX,10.415654,0.0328,58111102976,174.08,105.56,1.329,13.02,0.18028
PNW,16.74645,0.0427,9375430656,86.03,65.2,0.505,4.59,0.0864
PNC,12.184175,0.0361,71011811328,180.97,109.4,1.144,11.92,0.10338
POOL,27.240934,0.0145000005,12957433856,422.73,293.51,0.998,12.8,0.38457
PPG,13.909989,0.020499999,29563777024,151.16,120.33,1.257,6.1,0.18872999
PPL,15.721312,0.0355,21224808448,29.89,22.2,0.83,1.03,0.054250002
PFG,10.0318775,0.033299997,19915608064,88.26,66.21,1.207,5.35,0.12077
PG,23.87106,0.0239,393246507008,170.92,141.45,0.4,6.12,0.31794
PGR,17.495947,0.0018000001,126452621312,229.0,121.87,0.356,11.68,0.34451
PLD,37.51642,0.030299999,116360069120,137.52,96.64,1.073,3.03,0.052020002
PRU,8.487721,0.0417,44679827456,128.53,87.95,1.327,5.93,0.070549995
PEG,18.57248,0.0317,37649866752,77.46,53.71,0.61,3.61,0.11878
PTC,29.978079,,21286891520,194.24,134.61,1.182,2.39,0.105399996
PSA,27.602377,0.0394,53063675904,314.93,233.18,0.637,11.02,0.21319
PHM,9.301998,0.0064,26433679360,129.85,68.8,1.615,12.48,0.27296
QRVO,15.740881,,11891903488,130.99,80.62,1.461,-0.72,-0.018860001
PWR,26.8215,0.0013,38947291136,286.87,153.74,1.032,5.14,0.13118
QCOM,17.23262,0.0174,215778607104,230.63,104.33,1.272,7.51,0.38268003
DGX,14.822292,0.020399999,15659529216,150.59,119.59,0.881,7.43,0.14145
RL,13.382212,0.0196,10464027648,192.03,108.6,1.531,9.71,0.26483
RJF,11.026627,0.0164,23175639040,131.19,91.67,1.033,8.28,0.16966
RTX,17.321783,0.024300002,139558666240,108.65,68.56,0.545,2.54,0.05335
O,36.157234,0.0548,50060800000,64.18,45.04,0.971,1.08,0.022839999
REG,31.330189,0.0401,12346083328,68.47,56.29,1.216,2.05,0.05782
REGN,22.041553,,116309032960,1106.16,721.51,0.128,33.91,0.15283
RF,10.223743,0.044699997,20487184384,22.84,13.72,1.199,1.78,0.103360005
RSG,29.313696,0.0104,62684061696,206.54,140.23,0.7,5.7,0.17371
RMD,24.279259,0.0093,30781425664,229.97,132.24,0.664,6.51,0.22386
RVTY,21.36699,0.0025,13578166272,131.96,79.5,1.054,1.47,0.02309
ROK,22.77406,0.018099999,31025915904,339.65,249.0,1.372,10.23,0.30245
ROL,44.598213,0.0117999995,24202524672,50.83,32.19,0.699,0.9,0.35933
ROP,28.8723,0.0052,61472735232,579.1,474.46,1.015,13.61,0.08590999
ROST,21.817905,0.0101,47961415680,153.06,108.35,1.086,5.93,0.43016997
RCL,13.204176,,43937193984,173.37,78.35,2.631,7.85,0.5068
SPGI,30.703842,0.0075,155060715520,498.15,340.49,1.157,8.92,0.07949
CRM,23.299364,0.0063,248122130432,318.71,193.68,1.291,5.56,0.093430005
SBAC,24.249123,0.0188,22276157440,258.76,183.64,0.643,5.1,
SLB,11.963415,0.0222,69650997248,62.12,42.61,1.567,3.06,0.21972999
STX,18.0,0.026400002,22111842304,109.63,57.32,1.045,-1.3,
SRE,15.0932045,0.0318,49191124992,79.46,63.75,0.747,4.52,0.10248999
NOW,47.108925,,157224026112,815.32,527.24,0.993,9.38,0.28132
SHW,27.104643,0.0089,87347625984,348.37,232.06,1.159,9.38,0.72456
SPG,23.336311,0.0507,58774257664,158.4999,102.11,1.772,7.86,0.79009
SWKS,17.749245,0.023,18852524032,120.86,85.06,1.227,5.3,0.14145
SJM,10.588777,0.0372,12250437632,153.54,105.69,0.245,7.12,0.099300005
SW,12.624679,0.034,25504002048,49.49,44.32,1.057,3.17,0.14305
SNA,13.766534,0.0271,14476151808,298.49,249.84,0.98,19.26,0.20966999
SOLV,10.279491,,9782294528,72.4,47.16,,3.68,0.16545999
SO,18.831017,0.0352,88950530048,82.84,61.56,0.501,3.86,0.11745
LUV,16.9875,0.025999999,16266034176,36.37,21.91,1.148,0.64,0.03835
SWK,16.193014,0.0369,13555201024,104.21,76.26,1.254,-0.49,-0.0081
SBUX,18.82963,0.0298,86379708416,107.66,71.55,0.935,3.63,
STT,9.240353,0.036199998,25078550528,86.24,62.78,1.515,5.42,0.07377
STLD,12.599005,0.014400001,19896180736,151.34,95.53,1.365,12.53,0.22783001
STE,22.98611,0.0091,22904285184,254.0,195.47,0.827,5.56,0.08922
SYK,25.521284,0.0093,130182053888,361.41,249.98,0.9,8.77,0.18638
SMCI,22.914568,,45862621184,1229.0,226.59,1.268,17.93,0.30571
SYF,8.553872,0.0198,20081485824,52.67,27.295,1.63,7.16,0.20775
SNPS,38.98807,,90141573120,629.38,418.51,1.069,9.17,0.2158
SYY,15.839828,0.0277,36442324992,82.89,62.24,1.178,4.1,1.1101899
TMUS,16.021778,0.0147,207479177216,185.42,131.47,0.506,7.35,0.13568
TROW,12.732319,0.0428,26128332800,132.76,87.43,1.431,8.42,0.19165
TTWO,20.147411,,26549858304,171.59,130.34,0.835,-22.01,-0.50905
TPR,9.1061945,0.0335,9457456128,48.8,25.99,1.616,3.77,0.34963
TRGP,17.956406,0.0218,30137989120,138.28,77.97,2.261,4.85,0.30183
TGT,14.407478,0.0297,69520465920,181.86,102.93,1.188,8.93,0.32462
TEL,18.131735,0.017,46362918912,159.75,115.0,1.325,10.97,0.28928
TDY,18.784214,,19071907840,448.19,355.41,1.0,18.49,0.100200005
TFX,14.656824,0.0061000003,10521307136,259.96,177.63,1.126,6.25,0.068730004
TER,31.139061,0.0031,23771174912,163.21,81.08,1.498,2.63,0.17152001
TSLA,73.109795,,785755078656,278.98,138.8,2.313,3.9,0.23736
TXN,30.934477,0.0253,180539473920,210.84,139.48,0.974,6.42,0.3666
TXT,13.123931,0.00090000004,17569099776,97.34,67.04,1.249,4.66,0.1338
TMO,22.838709,0.0029,210798837760,603.82,415.6,0.771,15.57,0.13616
TJX,24.872807,0.013200001,128181616640,115.35,85.27,0.884,4.03,0.66833997
TSCO,23.653542,0.0162,29147510784,290.38,185.0,0.806,10.27,0.5558
TT,29.037037,0.01,78082383872,347.33,184.02,1.209,9.47,0.33898997
TDG,32.69317,,72025866240,1369.58,802.46,1.382,25.24,
TRV,10.098305,0.020399999,47530450944,232.75,157.33,0.625,15.8,0.15784
TRMB,18.72459,,13946719232,65.55,39.57,1.498,0.96,0.05578
TFC,11.065164,0.0475,59082416128,44.375,26.57,1.054,-5.31,-0.10037
TYL,50.46692,,22347196416,533.81,361.16,0.758,4.39,0.06628
TSN,15.879356,0.032899998,21087361024,62.04,44.94,0.734,-1.77,-0.03261
USB,10.692488,0.0435,71078952960,45.85,30.47,1.061,3.15,0.09644
UBER,31.849056,,141084377088,82.14,40.09,1.36,0.63,0.15587
UDR,89.38297,0.0404,15836005376,43.21,30.95,0.82,1.38,0.100810006
ULTA,13.717055,,18575517696,574.76,368.02,1.371,25.62,0.58214
UNP,18.977814,0.022,146124210176,258.66,199.33,1.065,10.46,0.45450002
UAL,4.2040105,,15856374784,56.18,33.68,1.445,8.92,0.32209
UPS,13.203723,0.044899996,109237772288,192.98,124.975,0.975,6.91,0.32044998
URI,15.655303,0.0088,49970675712,759.98,387.01,1.706,36.84,0.32984
UNH,17.79025,0.015,510537596928,581.5,436.38,0.603,15.14,0.15584
UHS,12.095301,0.0044,12401981440,194.02,119.9,1.279,11.77,0.13305001
VLO,10.712618,0.0287,48386908160,184.79,119.88,1.411,20.39,0.2624
VTR,206.00002,0.0335,21679695872,54.22,39.33,1.355,-0.16,-0.0061500003
VLTO,27.669422,0.0036000002,24793313280,102.58,65.51,,3.23,0.33001998
VRSN,20.495348,,17555494912,220.91,167.05,0.904,8.13,
VRSK,37.63464,0.0056,39680774144,282.21,215.32,0.845,5.46,4.319
VZ,8.274468,0.068,163726884864,43.42,30.14,0.393,2.66,0.120950006
VRTX,27.164545,,126528544768,498.77,340.2,0.392,15.42,0.24375999
VTRS,4.227941,0.041100003,13692820480,13.62,8.74,0.94,-0.05,-0.00274
VICI,11.153847,0.0546,31764832256,33.4,26.625,0.945,2.52,0.10614
V,23.705462,0.0078,541786832896,290.96,227.68,0.953,8.94,0.46528
VST,12.790734,0.011,27821121536,107.24,27.542,1.066,1.63,0.12991999
VMC,26.33097,0.0070999996,34405355520,276.58,190.51,0.819,6.93,0.12765999
WRB,12.14186,0.0062,20022169600,59.46,40.246666,,3.8,
GWW,22.263046,0.0086,46740414464,1034.18,674.41,1.172,36.26,0.57736
WAB,20.32769,0.0047,29652080640,170.83,98.7,1.288,5.13,0.09003
WBA,5.5870643,0.0885,9694577664,31.32,10.69,0.703,-6.74,-0.55966
WMT,26.36194,0.0117999995,568276090880,71.33,49.84667,0.501,2.33,0.23464
DIS,16.534546,0.0095999995,165787254784,123.74,78.73,1.399,0.92,0.02716
WBD,-143.66667,,21121671168,14.76,6.94,1.497,-1.24,-0.06386
WM,27.070545,0.0134000005,87728881664,225.0,149.71,0.743,6.1,0.35301998
WAT,23.248068,,17845143552,367.21,231.9,0.951,10.17,0.65021
WEC,15.66092,0.040700004,25818531840,93.37,75.13,0.406,4.58,0.11842
WFC,10.868853,0.023699999,203039703040,62.55,38.39,1.168,4.88,0.10429
WELL,62.982758,0.0225,65525616640,110.63,78.38,1.177,0.86,0.01839
WST,35.13111,0.0025,23146082304,415.73,310.0,0.995,7.57,0.20844
WDC,8.996301,,23823263744,81.55,35.62,1.367,-5.07,-0.13354
WY,27.50909,0.026099999,22060054528,36.27,26.73,1.41,1.1,0.079679996
WMB,21.192308,0.0424,53722501120,45.1,32.49,1.08,2.44,0.21229
WTW,14.470396,0.013300001,27235670016,278.86,195.29,0.737,9.9,0.10656
WYNN,14.18569,0.012,9332151296,111.09,81.65,1.824,7.64,
XEL,14.359375,0.039300002,30637932544,65.62,46.79,0.378,3.33,0.10624
XYL,29.563025,0.010299999,34117142528,146.08,87.59,1.042,2.88,0.096140005
YUM,19.883648,0.0208,35615182848,143.2,115.53,1.068,5.65,
ZBRA,22.5,,17030106112,337.08,194.59,1.657,5.06,0.08614001
ZBH,12.672811,0.0087,22630080512,142.54,102.0,1.013,4.61,0.07795
ZTS,28.07199,0.0095999995,81850204160,201.92,144.8,0.861,5.19,0.50047
PETR4.SA,4.408716,0.1408,505832767488,42.94,29.32,0.988,9.64,0.27214
VALE3.SA,5.069865,0.1188,257226670080,78.55,59.36,0.928,10.13,0.1996
ITUB4.SA,7.514285,0.0062,310543646720,35.95,26.36,0.573,3.61,0.19393998
BBDC4.SA,5.4759827,0.0478,127275982848,17.74,12.14,0.675,1.16,0.080299996
ABEV3.SA,12.020408,0.0618,185254625280,15.45,10.98,0.536,0.92,0.17197001
BBAS3.SA,3.893218,0.0301,154000211968,29.955,22.785,0.808,6.78,0.1976
B3SA3.SA,12.021505,0.0271,61038219264,15.52,10.05,0.59,0.7,0.19742
WEGE3.SA,31.57718,0.0053,197397807104,47.92,31.47,0.619,1.37,0.35596
MGLU3.SA,12.957447,,8963810304,32.54925,10.56,1.44,-0.74,-0.052849997
RENT3.SA,10.764268,0.0365,46168035328,70.210594,38.917927,0.917,1.92,0.086
BTC-USD,,,1300214710272,73750.07,24930.297,,,
ETH-USD,,,418319990784,4092.2842,1523.2375,,,
USDT-USD,,,114258960384,1.00363,0.997224,,,
BNB-USD,,,84876492800,720.6726,203.65544,,,
SOL-USD,,,79688269824,209.69606,17.461477,,,
USDC-USD,,,34157309952,1.002967,0.997814,,,
STETH-USD,,,34141315072,4077.8674,1524.0585,,,
XRP-USD,,,33391634432,0.742126,0.391139,,,
DOGE-USD,,,18893557760,0.226581,0.057466,,,
TON-USD,,,52218288,6.988974,0.855643,,,
ADA-USD,,,14714170368,0.806985,0.237626,,,
AVAX-USD,,,11749367808,65.25045,8.7013,,,
TRX-USD,,,11675230208,0.144126,0.072062,,,
WBTC-USD,,,10204427264,73505.734,24998.08,,,
SHIB-USD,,,10016771072,4.5e-05,7e-06,,,
LINK-USD,,,8426967040,22.825249,5.760215,,,
DOT-USD,,,8496038912,11.882433,3.607706,,,
BCH-USD,,,7214827520,714.06244,173.42865,,,
NEAR-USD,,,6341770752,8.985104,0.972392,,,
UNI-USD,,,14074,0.001812,0.000108,,,
LTC-USD,,,5443538944,112.315865,57.51331,,,
LEO-USD,,,5356904448,6.193041,3.615327,,,
DAI-USD,,,5347371520,1.002421,0.991358,,,
WEETH-USD,,,5298175488,4192.3174,2173.569,,,
PEPE-USD,,,,0.000441,5e-06,,,
MATIC-USD,,,5263780352,1.287182,0.43054,,,
ICP-USD,,,4462088704,20.895885,2.862202,,,
KAS-USD,,,4353176064,0.197611,0.032243,,,
ETC-USD,,,3550409216,39.618526,13.944385,,,
USDE-USD,,,,2.706297,2e-05,,,
APT-USD,,,,0.01444,0.00013,,,
FET-USD,,,3241608192,3.474265,0.171494,,,
XLM-USD,,,2954980864,0.166491,0.07728,,,
XMR-USD,,,2964645376,182.25441,101.13885,,,
MNT-USD,,,,3.967714,0.038348,,,
ARB-USD,,,,1.233957,0.000385,,,
MKR-USD,,,2623564800,4064.835,197.77333,,,
STX-USD,,,,0.480449,0.002619,,,
WIF-USD,,,2535726592,4.849967,0.067702,,,
FIL-USD,,,2544173824,11.806049,2.963689,,,
RENDER-USD,,,2664781824,6.8219104,6.7353196,,,
CRO-USD,,,2435143680,0.182002,0.048851,,,
HBAR-USD,,,2440089344,0.18055,0.045081,,,
ATOM-USD,,,2408041472,14.483605,5.134652,,,
OKB-USD,,,2404255232,73.82613,32.805706,,,
IMX-USD,,,,6.43046,,,,
INJ-USD,,,2240084224,52.749947,6.407394,,,
VET-USD,,,2321692160,0.054765,0.014665,,,
TAO-USD,,,,1.2702465e-07,5.2692264e-09,,,
OP-USD,,,2092120704,4.851507,1.164329,,,
SUI-USD,,,,0.017166,,,,
FDUSD-USD,,,2021422720,1.059593,0.985427,,,
AR-USD,,,2007900544,49.417557,3.746306,,,
BONK-USD,,,1933552512,4.7e-05,,,,
RETH-USD,,,1964884608,4475.123,1659.2883,,,
EZETH-USD,,,1905284864,4094.0964,2480.5547,,,
GRT-USD,,,,10.112435,0.304925,,,
FLOKI-USD,,,1764311936,0.000346,1.5e-05,,,
METH-USD,,,,3442.0737,0.003248,,,
BGB-USD,,,1644319232,1.484946,0.404749,,,
RUNE-USD,,,1568368384,11.448678,0.915475,,,
LDO-USD,,,1565386240,4.014795,1.427339,,,
WBT-USD,,,,10.252693,4.990504,,,
THETA-USD,,,1448732672,3.784571,0.56304,,,
NOT-USD,,,1434725248,0.028958,0.004605,,,
ONDO-USD,,,1350520192,1.478033,0.083546,,,
AAVE-USD,,,1400724864,153.27216,51.567127,,,
FTM-USD,,,1370002432,1.221459,0.172495,,,
JASMY-USD,,,1342134144,0.044427,0.002919,,,
BRETT-USD,,,,0.0027389417,3.7277688e-11,,,
CORE-USD,,,,88514.63,4687.7124,,,
JUP-USD,,,,0.02797,0.000571,,,
TIA-USD,,,,7487.995,0.001239,,,
PYTH-USD,,,1210103168,1.150148,0.228856,,,
EETH-USD,,,6141279744,4022.61,568.8382,,,
SEI-USD,,,1187498752,1.141738,0.007989,,,
ALGO-USD,,,1179697408,0.329,0.087611,,,
QNT-USD,,,875736128,153.54907,64.488266,,,
OM-USD,,,1048146240,1.415118,0.017284,,,
GT-USD,,,705853632,11.468847,3.579494,,,
ENS-USD,,,961678848,33.427483,6.695157,,,
KCS-USD,,,937772544,15.977454,3.569276,,,
MSOL-USD,,,925323648,1547.3969,19.747622,,,
EGLD-USD,,,931057536,77.79886,22.30243,,,
BEAM-USD,,,5865493,0.297332,0.024921,,,
FLOW-USD,,,905729728,1.692911,0.392064,,,
TKX-USD,,,,30.668295,4.699067,,,
RSETH-USD,,,889171200,4031.118,2260.8743,,,
HNT-USD,,,843529344,11.036343,1.349132,,,
AXS-USD,,,880567488,13.453577,4.079722,,,
GALA-USD,,,779504768,0.836685,0.009273,,,
EOS-USD,,,873961088,1.353046,0.445334,,,
BSV-USD,,,876480640,128.27065,27.125454,,,
FLR-USD,,,826953792,0.054173,0.008263,,,
BTT-USD,,,839655744,2e-06,,,,
POPCAT-USD,,,,4.6033233e-11,4.6033233e-11,,,
AKT-USD,,,825087680,6.820273,0.567146,,,
NEO-USD,,,800739712,23.699697,6.493753,,,
DYDX-USD,,,779872448,4.528474,1.026544,,,
ENA-USD,,,758531584,1.516972,0.350287,,,
ORDI-USD,,,766592576,96.17438,2.863915,,,
STRK-USD,,,34738124,24.263153,4.787555,,,
RON-USD,,,,1.7398765e-11,1.7398763e-11,,,
XTZ-USD,,,749366336,1.576543,0.61854,,,
FTN-USD,,,709341440,2.362035,0.902302,,,
USDD-USD,,,738749760,1.01832,0.928695,,,
SAND-USD,,,732763200,0.825755,0.247319,,,
MOG-USD,,,731429376,2.141989e-06,,,,
MEW-USD,,,,2.7e-05,1e-06,,,
CBETH-USD,,,625720896,4331.0723,1600.7681,,,
NEXO-USD,,,685880192,1.584302,0.517372,,,
XEC-USD,,,666229568,8.6e-05,2.2e-05,,,
CFX-USD,,,659673344,0.548634,0.100414,,,
FRXETH-USD,,,,4057.5457,1520.8442,,,
ZK-USD,,,,1.374627,0.501041,,,
PENDLE-USD,,,647517696,7.517136,0.48478,,,
FRAX-USD,,,647334336,1.00935,0.97268,,,
WLD-USD,,,622141376,11.817128,0.975781,,,
GNO-USD,,,624030016,441.629,91.96617,,,
MANA-USD,,,632825216,0.818534,0.258965,,,
CHZ-USD,,,616623744,0.167586,0.053796,,,
PYUSD-USD,,,352846656,236493.17,0.096208,,,
XAUT-USD,,,594300736,2481.8665,1816.9927,,,
ROSE-USD,,,592614656,0.185345,0.036884,,,
MINA-USD,,,589350720,1.710897,0.351959,,,
BOME-USD,,,580744576,0.028047,0.000858,,,
SWETH-USD,,,577299136,4273.365,1535.3763,,,
SNX-USD,,,577990144,5.27581,1.427859,,,
RAY-USD,,,574449856,3.226245,0.159839,,,
W-USD,,,558144064,326.4311,0.237835,,,
IOTA-USD,,,563584704,0.419545,0.133891,,,
AIOZ-USD,,,559051904,1.061989,0.011053,,,
DEXE-USD,,,556537024,17.819372,2.056137,,,
ZRO-USD,,,,0.002474,0.001225,,,
APE-USD,,,,2.644152,0.172151,,,
SFRXETH-USD,,,563755456,4361.6436,1610.9576,,,
SAFE-USD,,,1679767,1.489459,0.025049,,,
SATS-USD,,,,0.000317,0.000156,,,
KLAY-USD,,,521562304,0.323908,0.107944,,,
CKB-USD,,,514992768,0.037799,0.002496,,,
ASTR-USD,,,512253792,0.197356,0.038644,,,
LPT-USD,,,507790368,27.283272,3.836007,,,
1INCH-USD,,,500118528,0.70224,0.221098,,,
TUSD-USD,,,495031008,1.033339,0.952337,,,
AXL-USD,,,,0.024057,0.00031,,,
AEVO-USD,,,462316128,4.462545,0.345204,,,
ILV-USD,,,311644256,161.27226,38.04346,,,
AERO-USD,,,,0.025821,2.1e-05,,,
LUNC-USD,,,459880256,0.000275,5.5e-05,,,
CAKE-USD,,,455214208,5.217611,1.051804,,,
TFUEL-USD,,,457871264,0.144218,0.029722,,,
ZEC-USD,,,484545408,35.602497,16.004679,,,
BTG-USD,,,448917504,69.836105,12.117904,,,
XDC-USD,,,449512992,0.091539,0.025948,,,
PAXG-USD,,,447355328,3097.8984,1824.6967,,,
KAVA-USD,,,444527680,1.156206,0.321918,,,
WEMIX-USD,,,419538560,4.266843,0.524578,,,
IOTX-USD,,,432718496,0.092558,0.013287,,,
NFT-USD,,,683556,0.0261,0.011703,,,
TURBO-USD,,,388390976,0.00978,6.5e-05,,,
TWT-USD,,,417961920,1.81461,0.719196,,,
DOG-USD,,,,1.0009584,1.9e-05,,,
ETHX-USD,,,408880384,4109.3564,1538.6483,,,
USDB-USD,,,,0.612461,0.11165,,,
G-USD,,,,0.000204,,,,
PEOPLE-USD,,,393719648,0.143146,0.008592,,,
ETHFI-USD,,,277179840,8.571553,1.768859,,,
MX-USD,,,389752256,5.853356,2.028138,,,
H2O-USD,,,,0.365911,0.000375,,,
SFP-USD,,,384446144,0.98091,0.39734,,,
WOO-USD,,,376052160,0.647012,0.145783,,,
CETH-USD,,,,,,,,
GAL-USD,,,10220512,7.38279,1.38472,,,
AGIX-USD,,,,1.463315,0.158294,,,
ANT-USD,,,396348032,12.255578,3.935984,,,
MANTA-USD,,,359900128,4.082953,0.730116,,,
MEME-USD,,,,0.071762,0.012275,,,
ARKM-USD,,,291899744,3.993964,0.286934,,,
BLUR-USD,,,347069536,0.831494,0.142028,,,
RPL-USD,,,342840704,39.00898,13.306904,,,
COMP-USD,,,2593,911.1978,4.826e-08,,,
OSMO-USD,,,337380832,1.956919,0.22389,,,
GLM-USD,,,336000640,0.770733,0.158313,,,
GMT-USD,,,,2.957528,0.162051,,,
CORGIAI-USD,,,,0.004219,4.4e-05,,,
CRV-USD,,,323977152,0.878046,0.221608,,,
PRIME-USD,,,,0.269586,0.005367,,,
DYM-USD,,,320147584,8.663982,0.991001,,,
KSM-USD,,,322298176,63.460262,16.61191,,,
PONKE-USD,,,326077696,0.709816,0.02173,,,
ZIL-USD,,,315355744,0.044541,0.013348,,,
DASH-USD,,,315459904,44.16843,19.757065,,,
BDX-USD,,,315187040,0.056724,0.027491,,,
ZRX-USD,,,314342944,1.434135,0.155789,,,
PEPECOIN-USD,,,307445312,7.565844,0.010881,,,
BLAST-USD,,,9101,0.001093,0.000177,,,
CELO-USD,,,309792736,1.796863,0.393686,,,
LSETH-USD,,,307792864,4281.4023,1568.0651,,,
ANKR-USD,,,307436768,0.06872,0.017027,,,
HOT-USD,,,,0.013262,0.000169,,,
SUPER-USD,,,10828,0.005414,0.000177,,,
SC-USD,,,312394400,0.022943,0.00261,,,
JTO-USD,,,301653760,5.281934,1.431437,,,
ENJ-USD,,,300359104,0.686669,0.138427,,,
GMX-USD,,,,0.000167,2.8e-05,,,
ETHDYDX-USD,,,294774720,4.522032,1.030791,,,
VENOM-USD,,,159732736,0.795475,0.1092,,,
MMX-USD,,,,0.000503,,,,
CWBTC-USD,,,,638.1478,313.551,,,
XRD-USD,,,290409536,0.085817,0.026367,,,
ETHW-USD,,,292207328,5.98068,1.170427,,,
NXM-USD,,,376085600,107.02654,29.191008,,,
TRAC-USD,,,291161920,1.54438,0.210026,,,
LUNA-USD,,,2034215,1.33508,0.00245,,,
BAT-USD,,,286849184,0.383618,0.151633,,,
ATH-USD,,,18961,0.002736,0.000332,,,
TRUMP-USD,,,,0.075499,1e-06,,,
ELF-USD,,,286078080,1.14486,0.270454,,,
METIS-USD,,,283143136,148.64624,10.345156,,,
JST-USD,,,282366080,0.051221,0.019789,,,
POLYX-USD,,,227658720,0.754673,0.10035,,,
QTUM-USD,,,273620032,6.156673,1.918512,,,
RSR-USD,,,271250240,0.013205,0.001671,,,
RVN-USD,,,270918944,0.060664,0.013497,,,
BTC.B-USD,,,,25046.17,18215.604,,,
APU-USD,,,,0.673754,0.100143,,,
BICO-USD,,,244071536,0.974992,0.19045,,,
WBETH-USD,,,3308911104,4219.7812,1552.372,,,
CSPR-USD,,,254665168,0.056497,0.018013,,,
IO-USD,,,,1.031097,0.0017511733,,,
SKL-USD,,,263942656,0.13485,0.019537,,,
PAAL-USD,,,238176592,0.862985,4.6e-05,,,
SAVAX-USD,,,247506288,73.51294,9.544448,,,
CVX-USD,,,293535040,5.683589,1.880532,,,
AMP-USD,,,182792928,0.021497,0.00141,,,
CFG-USD,,,243756768,1.146328,0.206434,,,
USDC.E-USD,,,,,,,,
GAS-USD,,,242075840,29.547009,2.071871,,,
NPC-USD,,,,638.50684,,,,
ALT-USD,,,245852,0.000791,0.00014,,,
OCEAN-USD,,,,1.660488,0.257971,,,
FLUX-USD,,,232474496,1.746589,0.30128,,,
SSV-USD,,,332679776,65.93225,11.383291,,,
MASK-USD,,,144888,32019.441,,,,
ULTIMA-USD,,,118526376,14669.248,2046.4216,,,
RLB-USD,,,241754624,0.263043,0.051379,,,
CDT-USD,,,1615905,1.293172,0.183331,,,
T-USD,,,223649824,0.065077,0.015867,,,
USDY-USD,,,,1.056642,0.821425,,,
GFI-USD,,,323120,0.003903,0.000828,,,
